2026-09-24	BTC pools			BTC+ETH						BTC+AVAX						BTC+USDC						BTC+UNDEAD					ETH+UNDEAD					AVAX+UNDEAD					UNDEAD+USDC			
	asset	addy	BTC	ETH	UNDEAD	reinvest	TVL	%	BTC	AVAX	UNDEAD	reinvest	TVL	%	BTC	USDC	UNDEAD	reinvest	TVL	%	BTC	UNDEAD	TVL	%	reinvest	ETH	UNDEAD	TVL	%	reinvest	AVAX	UNDEAD	TVL	%	reinvest	UNDEAD	USDC	TVL	%	reinvest
price			$84,409.00	$2,695.84	$0.000514				$84,409.00	$10.25	$0.000514				$84,409.00	$1.00	$0.000514				$84,409.00	$0.000514				$2,695.84	$0.000514				$10.25	$0.000514				$0.000514	$1.00			
																																								
pool totals			0.34977	20.17618	692402.5357	n/a	$84,271.18	100.00%	0.11976	152.30419	104000	n/a	$11,723.63	100.00%	0.0918	44665.03	0	n/a	$52,410.90	100.00%	0.0164	26031613	$14,767.05	100.00%	n/a	0.5243	19896062	$11,640.03	100.00%	n/a	32.01793	21778913	$11,522.54	100.00%	n/a	2066814	17524.07	$18,586.42	100.00%	n/a
investor	α	0x7936d509aC3A6C966FBA98a4f7D6943D00be60cf	0.02960519129	0.3165622629	0	100%	$3,352.35	3.98%	0.2711225125	120.1498073	0	100%	$24,116.72	205.71%	0.35420	1006.79	0	100%	$30,904.56	58.97%	0.00074062	837864	$493.18	3.34%	100%	0.0007	828776	$427.88	3.68%	100%	1.2285	852053	$450.55	3.91%	100%	912853	3.34	$472.55	2.54%	100%
	τ	0x5F8b00A18111BAcceD63065cdce2b8DbA073B074	0	0	526000	0%	$270.36	0.32%	0	0	104000	0%	$53.46	0.46%	0.00000	0.00	0	n/a	$0.00	0.00%	0	118598	$60.96	0.41%	0%	0	118598	$60.96	0.52%	0%	0	118598	$60.96	0.53%	0%	118598	0.00	$60.96	0.33%	0%
	δ	0xC8c7AF369A85e3F4f0245435fDd7b806b92cEfCb	0	0	0	n/a	$0.00	0.00%	0	0	0	n/a	$0.00	0.00%	0.00000	0.00	0	n/a	$0.00	0.00%	0.00009427	107005	$62.96	0.43%	100%	0.0001	104627	$54.05	0.46%	100%	0	0	$0.00	0.00%	n/a	0	0.00	$0.00	0.00%	n/a
	ι	0x60232ecb50491b10ea0edaeb66519e92d9af8628	0.50199	0.3191851085	0	100%	$43,232.95	51.30%	0	0	0	n/a	$0.00	0.00%	0.00000	0.00	0	n/a	$0.00	0.00%	0.00028331	320444	$188.62	1.28%	100%	0.0003	312779	$161.58	1.39%	100%	0.4601	319106	$168.74	1.46%	100%	0	0.00	$0.00	0.00%	n/a
	φ	0x4aff0e159a30237bd8723efaab414c54e452d6ed	0.00000	0	0	n/a	$0.00	0.00%	0.00000	0	0	n/a	$0.00	0.00%	0.00000	0	0	n/a	$0.00	0.00%	0.00031	10527427	$5,437.10	36.82%	100%	0.00860	10686388	$5,515.99	47.39%	100%	1.93520	10888064	$5,616.30	48.74%	100%	9916865	36.3038	$5,133.57	27.62%	100%
	ψ	0x626bc0872553994b0837e9513b0762072fb3afed	0.00000	0	0	n/a	$0.00	0.00%	0.00000	0	0	n/a	$0.00	0.00%	0.00000	0	0	n/a	$0.00	0.00%	0.00031	10528437	$5,437.61	36.82%	100%	0.00860	10686388	$5,515.99	47.39%	100%	1.93520	10888064	$5,616.30	48.74%	100%	9916865	36.3038	$5,133.57	27.62%	100%
	π	0x7d33f8dA3130cb440987c665feFfB08e210bfcF8	0.00000	0	166403	100%	$85.53	0.10%	0.00000	0.59	166403	100%	$91.58	0.78%	0.00000	0	0	n/a	$0.00	0.00%	0.00001	170907	$88.27	0.60%	100%	0.00000	0	$0.00	0.00%	n/a	0.00000	0	$0.00	0.00%	n/a	0.00000	0	$0.00	0.00%	n/a
	σ	0x4EE3544464c491615D232B2D856D8171BfBd88c8	0.00000	0	0	n/a	$0.00	0.00%	0.00000	0	0	n/a	$0.00	0.00%	0.00000	0	0	n/a	$0.00	0.00%	0.00000	0	$0.00	0.00%	n/a	0.00000	0	$0.00	0.00%	n/a	0.00000	0	$0.00	0.00%	n/a	0.00000	0	$0.00	0.00%	n/a
	ω	0xF8eFB9Fe5786644Ee126bb841Ef434a86F368810	0.00334	0.3899659462	0	100%	$1,332.93	1.58%	0.00215	61.91342	0	100%	$815.96	6.96%	0.00284	847.52	0	100%	$1,087.28	2.07%	0.00135	284363	$260.31	1.76%	100%	0.0089	301809	$179.12	1.54%	100%	4.2885	534306	$318.59	2.76%	100%	160116	37.90	$120.20	0.65%	100%
	γ	0xBB30A69e789ec896d7e1CF2Ff1255dc49D033280	0.21323	6.67641	0	0%	$35,997.06	42.72%	-0.07910	-651.41845	0	0%	-$13,354.08	-113.91%	0.12095	10209.53	0	0%	$20,419.06	38.96%	0.01622	2663468	$2,738.05	18.54%	0%	-0.05110353652	-268029	-$275.53	-2.37%	0%	-34.5800	-689582	-$708.89	-6.15%	0%	7456771	3832.78	$7,665.56	41.24%	0%
