name	dapp	blockchain	pool	p1	p2	old addy	addy	hash	activated	href	incept	ROI	APR
pivot-wagyu	reserves	Ethereum	n/a	n/a	n/a	n/a	0xCfeBF7965Ef05d2734cB4DdaAA8371A56E4E325e	0	2024-11-04	n/a	n/a	---	---
operations	operations	Ethereum	n/a	n/a	n/a	n/a	0xA0530f5E85D79079BA3b1fF19A4f79A62500432C	0	2024-11-04	n/a	n/a	---	---
reserves	reserves	Avalanche	n/a	n/a	n/a	geophf	0xd4201758449aa32240Cfc9343b5D942B9E61B524	0	2024-11-04	n/a	n/a	---	---
donor	operations	Ethereum	n/a	n/a	n/a	n/a	0x70D0dF26F6A61fC33ef28EB490b9A645bCb3753A	0	2024-11-07	n/a	n/a	---	---
avalanche	treasury	Avalanche	n/a	n/a	n/a	n/a	0x28695b6193735f1dDa134864B653ff3a7466D107	0.0.10072463	2025-06-17	treasury.html	2024-11-08	0.33%	-0.01%
vault	treasury	Avalanche	n/a	n/a	n/a	n/a	0x323f7D245830Ae6230BEfAF6F6313F3395774765	0	2025-08-20	treasury.html	2025-08-20	0.00%	0.00%
payback	treasury	Avalanche	n/a	n/a	n/a	n/a	0xAc436d1Ba51c9cf206818b331c9dAA1ca368Ab66	0	2026-07-25	treasury.html	2026-07-25	3.48%	40.94%
pivot-bot	operations	Avalanche	n/a	BTC	UNDEAD	n/a	0xE93B9A5Fd164B892289fCDa6F2830b6f88B14dc6	0	2026-07-24	pools.html	2026-07-24	11.26%	66.68%
BTC+ETH	pools	Avalanche	BTC+ETH	BTC	ETH	n/a	0x97796a6ee7b185C991C4247b2dba943653BEa5b6	0	2025-08-06	pools.html	2025-07-30	11.47%	9.59%
BTC+USDC	pools	Avalanche	BTC+USDC	BTC	USDC	n/a	0xAc436d1Ba51c9cf206818b331c9dAA1ca368Ab66	0	2025-08-06	pools.html	2025-07-30	15.72%	17.31%
BTC+UNDEAD	pools	Avalanche	BTC+UNDEAD	BTC	UNDEAD	n/a	0xD0037572b3906e79F2F87CF47F65DDeBdE46Cc33	0	2025-07-17	pools.html	2025-07-17	20.13%	33.45%
ETH+UNDEAD	pools	Avalanche	ETH+UNDEAD	ETH	UNDEAD	n/a	0x28695b6193735f1dDa134864B653ff3a7466D107	0	2025-07-12	pools.html	2025-07-12	24.44%	35.67%
UNDEAD+USDC	pools	Avalanche	UNDEAD+USDC	UNDEAD	USDC	n/a	0xd4201758449aa32240Cfc9343b5D942B9E61B524	0	2025-07-12	pools.html	2025-07-12	10.29%	16.40%
Core Bizz	operations	Avalanche	n/a	n/a	n/a	n/a	0xD30BA7aEE349CE5291c2ff493AD77796AE36Cfb8	0	2026-01-03	n/a	2026-01-03	---	---
BTC+AVAX	pools	Avalanche	BTC+AVAX	BTC	AVAX	n/a	0xE93B9A5Fd164B892289fCDa6F2830b6f88B14dc6	0	2025-08-06	pools.html	2025-07-30	17.48%	14.26%
AVAX+UNDEAD	pools	Avalanche	AVAX+UNDEAD	AVAX	UNDEAD	n/a	0x0BA882a9E2695fCcAD7F52803CB6AE685a71AE44	0	2025-07-07	pools.html	2025-07-07	20.72%	28.49%
