date	opened	pivot	close	tx_id	from	from_quote	to	to_quote	trade	vol	gain_10_percent	new_to_actual	gain	gain_total_usd	roi	apr
2025-08-25	2025-08-06	2	1	https://snowtrace.io/tx/0x7af0e16bdbe518332f80a4ca3c8ce176ac43d2ac8198898b7eed9be98cdaf312	AVAX	$24.18	BTC	$111395.00	44.669807	$1080.12	0.0094413	0.009468	0.000885	$98.59	10.31%	198.09%
2025-10-08	2025-08-13	4;6;8;10;12;14	2	https://snowtrace.io/tx/0xbad3b9f4f65e7191fbab81684e26e313a1dfa7da8a3a70b1a5a5b5e2f41be081	AVAX	$28.17	BTC	$124544.00	172.36707	$4855.58	0.037873004	0.03955	0.005121	$637.75	14.87%	95.24%
2025-10-20	2025-08-24	11;15;17	3	https://snowtrace.io/tx/0xda8178ab387c3f306b225ee00899c609d24459170a399ffb0883143c5cd430d1	BTC	$110660.00	AVAX	$20.32	0.04332	$4793.79	226.46338	235.68774	29.8119	$605.77	14.48%	92.72%
2025-11-05	2025-08-20	1;3;5;7;9;13;19	4	https://snowtrace.io/tx/0x0b942caa30810eafe4ab0ca62cc3d34c38b6194d9a44bd03a036293fa72b5edc	BTC	$102636.00	AVAX	$16.85	0.038802	$3982.48	216.83435	243.72101	46.5988	$785.03	23.64%	113.11%
2025-12-19	2025-11-11	21;23;25	5	https://snowtrace.io/tx/0xbd8baf146d9e43f6a87929741d07e6e41709fae7fddf877e57ff34ba0ecdf081	BTC	$88368.00	AVAX	$11.94	0.0818	$7228.50	572.00415	604.0939	84.0901	$1012.55	16.29%	156.46%
2026-01-03	2025-12-19	28	6	https://snowtrace.io/tx/0x48f3418ed57265360ce60a13f7d85704b9d78e2b75affb5514c9bb812ce1ce51	AVAX	$13.91	BTC	$89927.00	321.68176	$4474.59	0.049775	0.049594	0.004344	$425.18	10.37%	252.24%
2026-04-24	2026-03-17	27;29	7	https://snowtrace.io/tx/0xc3e607cb11b1b8a714d0d80527162fe70c187a252e8251a0e26bdd9ff10f6955	BTC	$77870.00	AVAX	$9.38	0.14932142	$11627.66	1203.7186	1236.166	141.8763	$1330.80	12.97%	124.53%
2026-06-29	2026-04-03	26;30;31	8	https://snowtrace.io/tx/0xcab43d9330c2bb3c5a334ee663dd45b77fc0f1bc2b5c194609eaf9184d30b5d6	AVAX	$6.50	BTC	$59926.00	1603.1016	$10420.16	0.16587031	0.17481962	0.02401482	$1439.11	15.92%	67.53%
2026-06-29	2026-04-24	32	9	https://snowtrace.io/tx/0xa829c1856ce6ea90af98d06dd12108f26ab4111b89ee73c959c6b2004997fcd5	BTC	$59926.00	AVAX	$6.50	0.058	$3475.71	508.24402	528.2478	66.2078	$430.35	14.33%	79.25%
2026-06-29	2025-10-26	16;18;20;22;24	10	virtual_swap	AVAX	$6.50	BTC	$59926.00	783.3109	$5091.52	0.1443629	0.1513	0.0069370996	$415.71	5.29%	7.85%
2026-07-12	2026-06-29	33	11	https://snowtrace.io/tx/0x3ae3988b62124472f883bc727932444e2e841127632ea935aca26bf72aac4afb	BTC	$63935.00	AVAX	$6.46	0.1	$6393.50	976.0545	1003.472	116.1497	$750.33	13.09%	367.52%
2026-08-04	2026-07-12	35	12	https://snowtrace.io/tx/0xb47fcec7233d909a0c6db45d66f2a8922026432fbf4da4a05bdba2bd13bd8dac	AVAX	$6.89	BTC	$63775.00	600	$4134.00	0.06358	0.06378	0.006	$384.13	10.43%	165.49%
2026-08-18	2026-08-04	37	13	https://snowtrace.io/tx/0xd8b964adeee592412aa207c4fdbc805261480c7430c8c4194a195408e934f446	BTC	$64063.00	AVAX	$6.26	0.04	$2562.52	407.275	406.236	35.986	$225.27	9.72%	272.89%
2026-09-08	2026-08-18	39	14	https://snowtrace.io/tx/0xeef00a50e319c6feeb87a2baaafbe2baa8d7126ee1828178c3e711b43abeb536	AVAX	$8.05	BTC	$78427.00	269.333	$2168.13	0.027291	0.02744368	0.0026330315	$206.50	10.61%	184.46%
2026-09-24	2026-08-14	38;42	15	https://snowtrace.io/tx/0x4752b872e8ae18249d1435987adb075b390f649686b73485e20a1f171594f7c4	AVAX	$10.25	BTC	$84409.00	265.3871	$2720.22	0.030580003	0.0326613	0.004861299	$410.34	17.49%	155.67%
2026-09-26	2026-06-29	34	16	https://snowtrace.io/tx/0xf9b6ee63bce40303a5c7e4ab4cdf57bf1874bc72727288a7b4858202a12af9a4	AVAX	$10.70	BTC	$84088.00	451.6341	$4832.48	0.055000003	0.05746679	0.0074667893	$627.87	14.93%	61.24%

